type;item;name;minAmount;maxAmount;minCoins;maxCoins;weight;egg;eggChance;minProgress;groups
kill;irons_spellbooks:apothecarist;;1;1;12;24;50;;0.05;0.4;
kill;irons_spellbooks:archevoker;;1;1;12;24;50;;0.05;0.4;
kill;irons_spellbooks:cryomancer;;1;1;12;24;50;;0.05;0.4;
kill;irons_spellbooks:dead_king;;1;1;24;32;15;;-1;0.7;undead
kill;irons_spellbooks:ice_spider;;1;3;10;18;100;;0.05;0.4;spider
kill;irons_spellbooks:necromancer;;3;12;8;18;100;;0.5;0.1;undead
kill;irons_spellbooks:priest;;1;1;12;24;50;;0.05;0.4;
kill;irons_spellbooks:pyromancer;;1;1;12;24;50;;0.05;0.4;
kill;irons_spellbooks:citadel_keeper;;4;16;8;16;75;irons_spellbooks:keeper_spawn_egg;0.05;0.25;demon
